{
  "speed_m_s": 4.810114911761808,
  "direction_deg": 54.38414228582644
}