{
  "speed_m_s": 7.812867387661878,
  "direction_deg": 241.2422822427144
}