{
  "speed_m_s": 3.970667906913347,
  "direction_deg": 347.79031328019613
}